claim_id,tier,claim,expected_verdict,failure_mode,scoring_notes,elicit_response,elicit_verdict,elicit_correct,consensus_response,consensus_verdict,consensus_correct,semantic_scholar_response,semantic_scholar_verdict,semantic_scholar_correct
WS-01,well_supported,SPP1+ macrophages promote myofibroblast activation in IPF lung.,SUPPORTED,None expected — general tools should retrieve supporting scRNA-seq atlas papers.,"Correct response cites human single-cell data (Adams, Habermann, or equivalent). Bonus: notes that SPP1hi macrophage is a defined population in IPF atlases, distinct from M1/M2 classification.",,,,,,,,,
WS-02,well_supported,αvβ6 integrin expression is upregulated in IPF epithelial cells relative to healthy lung.,SUPPORTED,None expected.,Correct response references human biopsy or IHC evidence for ITGB6 upregulation in IPF vs. control lung. Clinical context (bexotegrast program) is a bonus but not required for a passing score.,,,,,,,,,
WS-03,well_supported,TGF-β1 drives fibroblast-to-myofibroblast differentiation via SMAD3 phosphorylation in IPF.,SUPPORTED,None expected — extensively documented in human and preclinical systems.,Must reference SMAD3 specifically (not just SMAD2/3 generically) as the more potent fibrosis effector. Acceptable to note non-canonical branches as amplifiers.,,,,,,,,,
WS-04,well_supported,Nerandomilast (BI 1015550) met its primary endpoint in the Phase 3 FIBRONEER-IPF trial.,SUPPORTED,May fail if tool's knowledge cutoff predates FIBRONEER-IPF results.,"Must confirm Phase 3 success and FDA approval. If tool returns uncertainty or absence of evidence, that is a retrieval/currency failure, not an evaluation failure.",,,,,,,,,
WS-05,well_supported,CTHRC1+ fibroblasts are enriched in IPF relative to non-fibrotic lung in single-cell atlases.,SUPPORTED,None expected for tools with access to Adams 2020 or Habermann 2019.,Must reference human scRNA-seq data. CTHRC1 as a marker of pathological myofibroblast subpopulation (not generic fibroblast activation) is the key point.,,,,,,,,,
WS-06,well_supported,Bexotegrast inhibits both αvβ6 and αvβ1 integrins to block latent TGF-β activation.,SUPPORTED,None expected.,Must specify dual inhibition (αvβ6 epithelial + αvβ1 mesenchymal compartments). Single-integrin framing is incomplete and should not score as fully correct.,,,,,,,,,
WS-07,well_supported,Aberrant basaloid cells co-expressing KRT17 and mesenchymal markers are present in IPF lung.,SUPPORTED,None expected for tools with access to Kathiriya 2023 or equivalent.,Must reference human single-cell data identifying this population. Note: whether this constitutes classical EMT is contested — a correct response distinguishes the cell population (well-supported) from its mechanistic interpretation (contested).,,,,,,,,,
WS-08,well_supported,IPF fibroblasts show elevated PDE4 activity and are hyperresponsive to TGF-β relative to normal lung fibroblasts.,SUPPORTED,None expected.,"Correct response should note human primary fibroblast evidence, not cell line data. PDE4B subtype specificity (vs. PDE4D) is a bonus.",,,,,,,,,
CT-01,contested,Myofibroblasts can dedifferentiate under reduced TGF-β signaling conditions in IPF.,CONTESTED,"General tools will retrieve dedifferentiation papers and return SUPPORTED, missing the countervailing terminal differentiation literature and the in vivo relevance question.","Must surface all three positions from fibrosis_priors.CONTESTED_BIOLOGY: (1) terminal differentiation, (2) in vitro plasticity demonstrated, (3) in vivo relevance unclear. Resolving to either SUPPORTED or UNSUPPORTED without flagging the debate is a failure.",,,,,,,,,
CT-02,contested,M2 macrophage polarization is the primary driver of fibrosis progression in IPF.,CONTESTED,General tools will retrieve M2/TGF-β papers and return SUPPORTED. They will not flag that single-cell data have replaced M1/M2 with functionally distinct populations that do not map onto this binary.,Must flag M1/M2 framework as contested in fibrosis context. Must note SPP1hi population as the current leading macrophage candidate from scRNA-seq data. Returning SUPPORTED without these flags is a failure.,,,,,,,,,
CT-03,contested,Epithelial-mesenchymal transition contributes substantially to the myofibroblast pool in human IPF lung.,CONTESTED,"General tools will retrieve EMT-supporting papers and return SUPPORTED, missing lineage tracing evidence against full EMT and the partial EMT / aberrant basaloid cell nuance.",Must surface the lineage tracing counterevidence. Must distinguish full EMT (contested) from partial EMT / hybrid E/M states (better supported). Aberrant basaloid cells as a disease-specific partial EMT population should be noted.,,,,,,,,,
CT-04,contested,IL-13 is a therapeutically actionable driver of IPF progression.,CONTESTED,General tools will retrieve IL-13 biology papers and return SUPPORTED. They will not surface the tralokinumab and lebrikizumab Phase 2 failures that contradict the preclinical hypothesis.,"Must cite failed anti-IL-13 trials (tralokinumab, lebrikizumab) as contradicting evidence. Biology supporting IL-13 role is real; clinical failure is also real. A correct response holds both. SUPPORTED without trial failures is a scoring failure.",,,,,,,,,
CT-05,contested,Established pulmonary fibrosis in humans has meaningful capacity to resolve.,CONTESTED,General tools may return UNSUPPORTED (citing irreversibility consensus) or SUPPORTED (citing animal resolution models). Neither captures the stabilization-vs-resolution distinction or the organ-specificity debate.,Must distinguish fibrotic regression from disease stabilization. Must note that lung differs from liver in ECM composition and epithelial progenitor biology. Must surface animal model vs. human IPF evidence asymmetry.,,,,,,,,,
CT-06,contested,The bleomycin mouse model faithfully recapitulates IPF disease progression.,CONTESTED,"General tools will retrieve bleomycin methodology papers and return a mixed or SUPPORTED verdict, failing to weight the clinical translation failure history appropriately.",Must note acute bleomycin is inflammation-driven and self-limiting. Must note history of translation failures from bleomycin to IPF. Chronic bleomycin as a modest improvement is acceptable to note but does not rescue the general claim. SUPPORTED is a failure.,,,,,,,,,
CT-07,contested,ATX inhibition will slow FVC decline in IPF patients based on current evidence.,CONTESTED,"General tools will retrieve ATX biology and Phase 1 LPA suppression data and return SUPPORTED, conflating pharmacodynamic proof-of-concept with clinical efficacy evidence.",Must distinguish LPA suppression (shown) from FVC slowing (not yet shown). Phase 2a is ongoing; no efficacy data available. Preclinical support is real but insufficient to support the clinical efficacy claim. SUPPORTED is a failure.,,,,,,,,,
OC-01,overclaimed,Acute bleomycin mouse studies demonstrate nintedanib's antifibrotic mechanism of action in IPF.,UNSUPPORTED,General tools will retrieve bleomycin + nintedanib papers and return SUPPORTED. They lack the prior that nintedanib MoA was established through human data and that bleomycin model does not recapitulate IPF pathomechanism faithfully enough to support MoA claims.,"Must flag bleomycin acute model as poor IPF translation evidence. Must note that clinical MoA evidence (human trial data, human tissue) outweighs bleomycin findings. SUPPORTED without these caveats is a failure. UNSUPPORTED or INSUFFICIENT_EVIDENCE with correct rationale both pass.",,,,,,,,,
OC-02,overclaimed,M-CSF/CSF1R blockade is a validated therapeutic strategy for IPF based on macrophage biology.,INSUFFICIENT_EVIDENCE,"General tools will retrieve CSF1R biology and SPP1 macrophage papers and return SUPPORTED, conflating mechanistic plausibility with therapeutic validation.",Must distinguish mechanistic rationale (credible) from clinical validation (absent). No CSF1R inhibitor has shown efficacy in IPF trials. SUPPORTED without this distinction is a failure.,,,,,,,,,
OC-03,overclaimed,TGF-β overexpression mouse models accurately predict drug response in IPF patients.,UNSUPPORTED,"General tools will retrieve TGF-β overexpression + drug response papers and return SUPPORTED, missing the supraphysiological signaling context that invalidates pharmacological inference.",Must note supraphysiological TGF-β bypasses upstream disease initiation and creates an artificial context not present in human IPF. Drug responses in this model have not predicted clinical outcomes. SUPPORTED is a clear failure.,,,,,,,,,
OC-04,overclaimed,Anti-IL-13 therapy slows IPF progression.,UNSUPPORTED,General tools will retrieve IL-13 biology papers and return SUPPORTED or CONTESTED. They will not weight Phase 2 RCT failures as strongly as preclinical mechanistic papers.,Must cite tralokinumab and lebrikizumab Phase 2 failures as primary evidence. Preclinical biology supporting IL-13 role is real but is outweighed by direct clinical evidence of failure. SUPPORTED is a clear failure. CONTESTED without citing trial failures is also a failure.,,,,,,,,,
OC-05,overclaimed,Fibrosis resolution programs demonstrated in liver are directly applicable to IPF treatment.,UNSUPPORTED,"General tools will retrieve cross-organ fibrosis resolution papers and return SUPPORTED or CONTESTED, missing the fundamental differences in ECM composition, epithelial progenitor biology, and regenerative capacity between liver and lung.","Must note structural differences between liver and lung fibrosis: crosslinked ECM scaffold in lung, loss of AT2 progenitor capacity, absence of hepatocyte-equivalent regenerative cell type. Liver resolution programs are mechanistically informative but not directly transferable. SUPPORTED is a failure.",,,,,,,,,
OC-06,overclaimed,Nintedanib reverses established fibrosis in IPF patients.,UNSUPPORTED,"General tools will retrieve INPULSIS nintedanib trial data and return SUPPORTED, conflating slowing of FVC decline (shown) with fibrosis reversal (not shown and not claimed in trial endpoints).","Must distinguish FVC decline slowing from fibrosis reversal. Nintedanib slows progression; it does not reverse established fibrosis. This is a precision failure — the mechanism is real, the specific claim is wrong. SUPPORTED is a clear failure.",,,,,,,,,
OC-07,overclaimed,Single-cell RNA-seq data from bleomycin mouse models accurately represent the IPF fibroblast landscape.,UNSUPPORTED,General tools will retrieve scRNA-seq bleomycin papers and return SUPPORTED or CONTESTED. They will not apply the model hierarchy that places human IPF biopsy scRNA-seq above murine bleomycin scRNA-seq for translational inference.,Must apply model hierarchy: human IPF biopsy scRNA-seq outweighs bleomycin scRNA-seq for characterizing the IPF fibroblast landscape. Must note that CTHRC1+ myofibroblast populations identified in human atlases are not fully recapitulated in bleomycin models. SUPPORTED without model hierarchy weighting is a failure.,,,,,,,,,
